Metric,Value
R² Score,0.03186839438817757
Mean Absolute Error (MAE),89742512.17432861
Mean Squared Error (MSE),1.2472795086184888e+16
Root Mean Squared Error (RMSE),111681668.53241801
